<?xml version="1.0" encoding="UTF-8"?>
<ldap:ldap-sources xmlns:ldap="http://pingidentity.com/2004/09/ldap-ds">
    <ldap:ldap-source id="LDAP-929E91BBDFFAA92F2A941A986BCF329CAB2C7073" maskAttributeValues="false" ldapType="ActiveDirectory" ldapTypeDesc="Active Directory" testOnBorrow="false" testOnReturn="false" createIfNecessary="true" minIdle="10" maxActive="100" maxWait="-1" timeBetweenEvictionRunsMillis="60000" readTimeoutMillis="3000" connTimeoutMillis="3000" verifyHost="true" dnsTtlMillis="60000" ldapDnsSrvPrefix="_ldap._tcp" ldapsDnsSrvPrefix="_ldaps._tcp">
        <ldap:host>f5-gdc.citadelgroup.com</ldap:host>
        <ldap:principal>sd_pingfeder@CITADELGROUP.COM</ldap:principal>
        <ldap:use-ssl>true</ldap:use-ssl>
        <ldap:use-dns-srv-records>false</ldap:use-dns-srv-records>
        <ldap:ad-referral>false</ldap:ad-referral>
        <ldap:credentials>eyJhbGciOiJkaXIiLCJlbmMiOiJBMTI4Q0JDLUhTMjU2Iiwia2lkIjoicVQ2b2N3cFhoZCIsInZlcnNpb24iOiIxMC4yLjIuMCJ9..q5Zd_O4BPjx63KkfyC4Spg.-Y5T1vMboYKrNahMnhOScCqd699pmEgbqtKuNuDzm50.asD-8FLtCs14M6lNah4F7A</ldap:credentials>
        <ldap:authenticationMeth>simple</ldap:authenticationMeth>
        <ldap:description>AD</ldap:description>
        <ldap:name>AD</ldap:name>
        <ldap:binaryAttributes>
            <ldap:binaryAttribute>objectGUID</ldap:binaryAttribute>
        </ldap:binaryAttributes>
        <ldap:ldapHostTagList/>
    </ldap:ldap-source>
</ldap:ldap-sources>