<?xml version="1.0" encoding="UTF-8"?>
<sk:systemKeys xmlns:sk="http://pingidentity.com/2018/01/system-keys">
    <sk:currentKey>
        <sk:key>eyJhbGciOiJkaXIiLCJlbmMiOiJBMTI4Q0JDLUhTMjU2Iiwia2lkIjoicVQ2b2N3cFhoZCIsInZlcnNpb24iOiIxMC4yLjIuMCIsInppcCI6IkRFRiJ9..iEJo2i6qZepXqBWzDkBUnw.JQkJzIaHxQYOASCyvFXC6mq2TXH-6CvTuIo_B30V8VfN-fOs053UlYWg-qg_iTEF.8Y3VzstGUDsVfWZDyV5EaA</sk:key>
        <sk:generatedTime>2021-04-29T18:44:56.897Z</sk:generatedTime>
    </sk:currentKey>
    <sk:previousKey xsi:nil="true" xmlns:xsi="http://www.w3.org/2001/XMLSchema-instance"/>
    <sk:pendingKey>
        <sk:key>eyJhbGciOiJkaXIiLCJlbmMiOiJBMTI4Q0JDLUhTMjU2Iiwia2lkIjoicVQ2b2N3cFhoZCIsInZlcnNpb24iOiIxMC4yLjIuMCIsInppcCI6IkRFRiJ9.._Lp-Nu_iifrQMceBSu7IIw.YTHuEtZ-sNn-4L5W2EUersf7RSzDaqvYs_9A3qBROFhZFZ5FOCu2szPMTPlb5Arh.a70SXCpP_mV_vuP_3EoixQ</sk:key>
        <sk:generatedTime>2021-04-29T18:44:56.897Z</sk:generatedTime>
    </sk:pendingKey>
</sk:systemKeys>