<?xml version="1.0" encoding="UTF-8"?>
<ker:KerberosRealmsSettings xmlns:ker="http://pingidentity.com/2012/01/kerberos-realms">
    <ker:KerberosRealms>
        <ker:KerberosRealm id="KERB-87FC7CA41BC10A6BAB7EE4CF9C616363C4CA09C5">
            <ker:kerberosRealmName>CITADELGROUP.COM</ker:kerberosRealmName>
            <ker:keyDistributionCenters>
                <ker:keyDistributionCenter>f5-gdc</ker:keyDistributionCenter>
            </ker:keyDistributionCenters>
            <ker:kerberosUsername>ldesplat</ker:kerberosUsername>
            <ker:kerberosPassword>eyJhbGciOiJkaXIiLCJlbmMiOiJBMTI4Q0JDLUhTMjU2Iiwia2lkIjoicVQ2b2N3cFhoZCIsInZlcnNpb24iOiIxMC4yLjIuMCJ9..4D8m3PZM0B_2PUNsBdQRPg.DLJb_8BevTo_YEkpw73ETH0r0GzogLEZUsncVV2u2hw.lrC98vk09r1hIawqG3XEvg</ker:kerberosPassword>
            <ker:suppressDomainNameConcatenation>false</ker:suppressDomainNameConcatenation>
        </ker:KerberosRealm>
    </ker:KerberosRealms>
    <ker:KdcTimeout>3000</ker:KdcTimeout>
    <ker:KdcRetries>3</ker:KdcRetries>
    <ker:ForceTcp>false</ker:ForceTcp>
    <ker:Debug>false</ker:Debug>
</ker:KerberosRealmsSettings>