<?xml version="1.0" encoding="UTF-8"?>
<urn:AdapterConfiguration authnCtxClassRef="" isInheritAttributeSettings="false" isInheritAttributeMapping="false" maskOgnlValues="false" uniqueUserKeyField="pf_none" isInheritExtendedContractAttributes="false" name="Kerberos Adapter" xmlns:urn="urn:sourceid.org:saml2:adapter:conf">
    <urn:Fields>
        <urn:Field name="Domain/Realm Name">KERB-87FC7CA41BC10A6BAB7EE4CF9C616363C4CA09C5</urn:Field>
        <urn:Field name="Error Template">false</urn:Field>
    </urn:Fields>
    <urn:AdvancedFields>
        <urn:Field name="Error Template">false</urn:Field>
    </urn:AdvancedFields>
    <urn:Tables/>
    <urn:UniqueKeyField>Username</urn:UniqueKeyField>
    <urn:AttributeMapping>
        <urn1:TokenAuthorizationIssuanceCriteria xmlns:urn1="urn:sourceid.org:saml2:metadata-extension:v2"/>
    </urn:AttributeMapping>
</urn:AdapterConfiguration>