<?xml version="1.0" encoding="UTF-8"?>
<urn:PluginConfiguration isInheritExtendedContractAttributes="false" name="Password Validator" xmlns:urn="urn:sourceid.org:saml2:adapter:conf">
    <urn:Fields>
        <urn:Field name="Scope of Search">Subtree</urn:Field>
        <urn:Field name="Case-Sensitive Matching">true</urn:Field>
        <urn:Field name="LDAP Datastore">LDAP-929E91BBDFFAA92F2A941A986BCF329CAB2C7073</urn:Field>
        <urn:Field name="Search Base">DC=citadelgroup,DC=com</urn:Field>
        <urn:Field name="Search Filter">sAMAccountName=${username}</urn:Field>
        <urn:Field name="Display Name Attribute">displayName</urn:Field>
        <urn:Field name="Mail Attribute">mail</urn:Field>
        <urn:Field name="Trim Username Spaces For Search">true</urn:Field>
        <urn:Field name="Enable PingDirectory Detailed Password Policy Requirement Messaging">true</urn:Field>
    </urn:Fields>
    <urn:AdvancedFields>
        <urn:Field name="Display Name Attribute">displayName</urn:Field>
        <urn:Field name="Mail Attribute">mail</urn:Field>
        <urn:Field name="Trim Username Spaces For Search">true</urn:Field>
        <urn:Field name="Enable PingDirectory Detailed Password Policy Requirement Messaging">true</urn:Field>
    </urn:AdvancedFields>
    <urn:Tables/>
    <urn:ExtendedContractAttributes>
        <urn:AttributeName>objectGUID</urn:AttributeName>
        <urn:AttributeName>sn</urn:AttributeName>
        <urn:AttributeName>memberOf</urn:AttributeName>
        <urn:AttributeName>userPrincipalName</urn:AttributeName>
    </urn:ExtendedContractAttributes>
</urn:PluginConfiguration>